First _Name,Last_Name
jen,smith
carl,johnson
michelle,williams
sue,brownk
pranith,jones
dave,millers
anne,davis
jathin,garcia
galyna,rodrigue
edward,wilson
pat,martinez
amy,anderson
nazih,taylor
jonathan,thomas
scott,hernandez
victor,moore
marty,martin
andres,jackson
doug,thompson
tim,white
jyoti,lopez
karthik,lee
judy,gonzalez
thilo,harris
mike,clark
jason,lewisf
leo,robinson
ian,walker
brett,perez
corey,hall
bruno,young
jim,allenl
ed,sanchez
alicia,wright
justus,king
steve,scott
russell,green
ortiz,baker
jenkins,adams
gutierre,nelson
perry,hill
butler,ramirez
barnes,campbell
fisher,mitchell
henderso,roberts
coleman,carter
simmons,phillips
patterso,evans
jordan,turner
reynolds,torres
hamilton,parker
graham,collins
